memoria;tempo_threads_media;threads;tempo_total
24000000;0.164257;6;0.181559
24000000;0.17311;6;0.183095
