memoria;tempo_threads_media;threads;tempo_total
96000000;14.7126;1;14.7762
96000000;15.6994;1;15.7695
96000000;4.08133;4;4.13057
96000000;3.31092;8;3.38623
